image_name,label
test_1.jpg,10
test_10.jpg,6
test_100.jpg,1
test_1000.jpg,9
test_1001.jpg,3
test_1002.jpg,9
test_1003.jpg,3
test_1004.jpg,8
test_1005.jpg,10
test_1006.jpg,2
test_1007.jpg,7
test_1008.jpg,5
test_1009.jpg,0
test_101.jpg,0
test_1010.jpg,9
test_1011.jpg,1
test_1012.jpg,10
test_1013.jpg,5
test_1014.jpg,5
test_1015.jpg,4
test_1016.jpg,10
test_1017.jpg,8
test_1018.jpg,0
test_1019.jpg,10
test_102.jpg,10
test_1020.jpg,5
test_1021.jpg,6
test_1022.jpg,2
test_1023.jpg,7
test_1024.jpg,10
test_1025.jpg,1
test_1026.jpg,1
test_1027.jpg,10
test_1028.jpg,9
test_1029.jpg,9
test_103.jpg,9
test_1030.jpg,10
test_1031.jpg,3
test_1032.jpg,8
test_1033.jpg,1
test_1034.jpg,1
test_1035.jpg,0
test_1036.jpg,3
test_1037.jpg,8
test_1038.jpg,3
test_1039.jpg,10
test_104.jpg,10
test_1040.jpg,5
test_1041.jpg,3
test_1042.jpg,3
test_1043.jpg,3
test_1044.jpg,2
test_1045.jpg,7
test_1046.jpg,2
test_1047.jpg,0
test_1048.jpg,0
test_1049.jpg,8
test_105.jpg,9
test_1050.jpg,10
test_1051.jpg,4
test_1052.jpg,10
test_1053.jpg,10
test_1054.jpg,8
test_1055.jpg,10
test_1056.jpg,8
test_1057.jpg,2
test_1058.jpg,9
test_1059.jpg,1
test_106.jpg,3
test_1060.jpg,9
test_1061.jpg,1
test_1062.jpg,0
test_1063.jpg,0
test_1064.jpg,8
test_1065.jpg,0
test_1066.jpg,8
test_1067.jpg,9
test_1068.jpg,10
test_1069.jpg,2
test_107.jpg,10
test_1070.jpg,7
test_1071.jpg,10
test_1072.jpg,8
test_1073.jpg,8
test_1074.jpg,5
test_1075.jpg,8
test_1076.jpg,2
test_1077.jpg,10
test_1078.jpg,10
test_1079.jpg,2
test_108.jpg,8
test_1080.jpg,9
test_1081.jpg,0
test_1082.jpg,9
test_1083.jpg,5
test_1084.jpg,9
test_1085.jpg,1
test_1086.jpg,0
test_1087.jpg,0
test_1088.jpg,10
test_1089.jpg,8
test_109.jpg,10
test_1090.jpg,4
test_1091.jpg,10
test_1092.jpg,9
test_1093.jpg,0
test_1094.jpg,5
test_1095.jpg,10
test_1096.jpg,8
test_1097.jpg,0
test_1098.jpg,10
test_1099.jpg,4
test_11.jpg,9
test_110.jpg,5
test_1100.jpg,10
test_1101.jpg,4
test_1102.jpg,9
test_1103.jpg,9
test_1104.jpg,4
test_1105.jpg,5
test_1106.jpg,10
test_1107.jpg,3
test_1108.jpg,7
test_1109.jpg,1
test_111.jpg,9
test_1110.jpg,3
test_1111.jpg,4
test_1112.jpg,10
test_1113.jpg,5
test_1114.jpg,6
test_1115.jpg,4
test_1116.jpg,9
test_1117.jpg,3
test_1118.jpg,0
test_1119.jpg,9
test_112.jpg,5
test_1120.jpg,8
test_1121.jpg,7
test_1122.jpg,2
test_1123.jpg,9
test_1124.jpg,10
test_1125.jpg,10
test_1126.jpg,0
test_1127.jpg,0
test_1128.jpg,6
test_1129.jpg,8
test_113.jpg,0
test_1130.jpg,4
test_1131.jpg,0
test_1132.jpg,5
test_1133.jpg,1
test_1134.jpg,0
test_1135.jpg,6
test_1136.jpg,2
test_1137.jpg,2
test_1138.jpg,6
test_1139.jpg,8
test_114.jpg,8
test_1140.jpg,8
test_1141.jpg,6
test_1142.jpg,7
test_1143.jpg,1
test_1144.jpg,2
test_1145.jpg,7
test_1146.jpg,10
test_1147.jpg,4
test_1148.jpg,10
test_1149.jpg,8
test_115.jpg,1
test_1150.jpg,4
test_1151.jpg,2
test_1152.jpg,3
test_1153.jpg,0
test_1154.jpg,8
test_1155.jpg,3
test_1156.jpg,5
test_1157.jpg,10
test_1158.jpg,8
test_1159.jpg,7
test_116.jpg,5
test_1160.jpg,1
test_1161.jpg,4
test_1162.jpg,2
test_1163.jpg,5
test_1164.jpg,0
test_1165.jpg,9
test_1166.jpg,10
test_1167.jpg,4
test_1168.jpg,5
test_1169.jpg,9
test_117.jpg,1
test_1170.jpg,5
test_1171.jpg,8
test_1172.jpg,9
test_1173.jpg,1
test_1174.jpg,1
test_1175.jpg,2
test_1176.jpg,4
test_1177.jpg,8
test_1178.jpg,2
test_1179.jpg,2
test_118.jpg,1
test_1180.jpg,5
test_1181.jpg,0
test_1182.jpg,1
test_1183.jpg,2
test_1184.jpg,8
test_1185.jpg,4
test_1186.jpg,3
test_1187.jpg,0
test_1188.jpg,3
test_1189.jpg,0
test_119.jpg,3
test_1190.jpg,3
test_1191.jpg,8
test_1192.jpg,3
test_1193.jpg,10
test_1194.jpg,5
test_1195.jpg,5
test_1196.jpg,6
test_1197.jpg,3
test_1198.jpg,7
test_1199.jpg,8
test_12.jpg,9
test_120.jpg,0
test_1200.jpg,3
test_1201.jpg,0
test_1202.jpg,4
test_1203.jpg,8
test_1204.jpg,6
test_1205.jpg,0
test_1206.jpg,4
test_1207.jpg,1
test_1208.jpg,1
test_1209.jpg,0
test_121.jpg,6
test_1210.jpg,3
test_1211.jpg,1
test_1212.jpg,7
test_1213.jpg,6
test_1214.jpg,8
test_1215.jpg,10
test_1216.jpg,0
test_1217.jpg,0
test_1218.jpg,10
test_1219.jpg,1
test_122.jpg,9
test_1220.jpg,2
test_1221.jpg,0
test_1222.jpg,10
test_1223.jpg,8
test_1224.jpg,4
test_1225.jpg,7
test_1226.jpg,10
test_1227.jpg,8
test_1228.jpg,2
test_1229.jpg,5
test_123.jpg,7
test_1230.jpg,8
test_1231.jpg,0
test_1232.jpg,4
test_1233.jpg,4
test_1234.jpg,4
test_1235.jpg,4
test_1236.jpg,10
test_1237.jpg,0
test_1238.jpg,9
test_1239.jpg,9
test_124.jpg,6
test_1240.jpg,7
test_1241.jpg,8
test_1242.jpg,2
test_1243.jpg,4
test_1244.jpg,2
test_1245.jpg,2
test_1246.jpg,9
test_1247.jpg,4
test_1248.jpg,2
test_1249.jpg,9
test_125.jpg,2
test_1250.jpg,6
test_1251.jpg,8
test_1252.jpg,8
test_1253.jpg,2
test_1254.jpg,1
test_1255.jpg,2
test_1256.jpg,7
test_1257.jpg,8
test_1258.jpg,10
test_1259.jpg,2
test_126.jpg,5
test_1260.jpg,8
test_1261.jpg,2
test_1262.jpg,0
test_1263.jpg,4
test_1264.jpg,6
test_1265.jpg,8
test_1266.jpg,6
test_1267.jpg,6
test_1268.jpg,3
test_1269.jpg,4
test_127.jpg,0
test_1270.jpg,8
test_1271.jpg,6
test_1272.jpg,8
test_1273.jpg,10
test_1274.jpg,6
test_1275.jpg,9
test_1276.jpg,1
test_1277.jpg,8
test_1278.jpg,9
test_1279.jpg,10
test_128.jpg,6
test_1280.jpg,0
test_1281.jpg,2
test_1282.jpg,2
test_1283.jpg,1
test_1284.jpg,3
test_1285.jpg,3
test_1286.jpg,1
test_1287.jpg,10
test_1288.jpg,1
test_1289.jpg,4
test_129.jpg,9
test_1290.jpg,5
test_1291.jpg,5
test_1292.jpg,9
test_1293.jpg,2
test_1294.jpg,0
test_1295.jpg,10
test_1296.jpg,8
test_1298.jpg,7
test_1299.jpg,9
test_13.jpg,2
test_130.jpg,7
test_1300.jpg,0
test_131.jpg,8
test_132.jpg,9
test_133.jpg,6
test_134.jpg,9
test_135.jpg,6
test_136.jpg,7
test_137.jpg,5
test_138.jpg,4
test_139.jpg,1
test_14.jpg,9
test_140.jpg,9
test_141.jpg,10
test_142.jpg,1
test_143.jpg,2
test_144.jpg,3
test_145.jpg,1
test_146.jpg,4
test_147.jpg,0
test_148.jpg,0
test_149.jpg,3
test_15.jpg,3
test_150.jpg,0
test_151.jpg,1
test_152.jpg,9
test_153.jpg,9
test_154.jpg,7
test_155.jpg,3
test_156.jpg,0
test_157.jpg,4
test_158.jpg,0
test_159.jpg,10
test_16.jpg,1
test_160.jpg,2
test_161.jpg,7
test_162.jpg,0
test_163.jpg,5
test_164.jpg,0
test_165.jpg,8
test_166.jpg,10
test_167.jpg,1
test_168.jpg,2
test_169.jpg,2
test_17.jpg,10
test_170.jpg,1
test_171.jpg,8
test_172.jpg,9
test_173.jpg,8
test_174.jpg,10
test_175.jpg,2
test_176.jpg,1
test_177.jpg,9
test_178.jpg,10
test_179.jpg,8
test_18.jpg,5
test_180.jpg,8
test_181.jpg,7
test_182.jpg,8
test_183.jpg,9
test_184.jpg,7
test_185.jpg,10
test_186.jpg,4
test_187.jpg,7
test_188.jpg,2
test_189.jpg,0
test_19.jpg,9
test_190.jpg,1
test_191.jpg,9
test_192.jpg,0
test_193.jpg,2
test_194.jpg,0
test_195.jpg,10
test_196.jpg,6
test_197.jpg,5
test_198.jpg,2
test_199.jpg,10
test_2.jpg,10
test_20.jpg,2
test_200.jpg,7
test_201.jpg,0
test_202.jpg,9
test_203.jpg,10
test_204.jpg,7
test_205.jpg,4
test_206.jpg,9
test_207.jpg,1
test_208.jpg,4
test_209.jpg,3
test_21.jpg,8
test_210.jpg,0
test_211.jpg,10
test_212.jpg,0
test_213.jpg,0
test_214.jpg,7
test_215.jpg,1
test_216.jpg,10
test_217.jpg,4
test_218.jpg,7
test_219.jpg,10
test_22.jpg,10
test_220.jpg,3
test_221.jpg,2
test_222.jpg,9
test_223.jpg,9
test_224.jpg,8
test_225.jpg,0
test_226.jpg,3
test_227.jpg,4
test_228.jpg,2
test_229.jpg,3
test_23.jpg,0
test_230.jpg,6
test_231.jpg,7
test_232.jpg,4
test_233.jpg,1
test_234.jpg,2
test_235.jpg,2
test_236.jpg,10
test_237.jpg,8
test_238.jpg,8
test_239.jpg,6
test_24.jpg,10
test_240.jpg,6
test_241.jpg,1
test_242.jpg,10
test_243.jpg,7
test_244.jpg,7
test_245.jpg,8
test_246.jpg,7
test_247.jpg,7
test_248.jpg,1
test_249.jpg,1
test_25.jpg,10
test_250.jpg,4
test_251.jpg,8
test_252.jpg,0
test_253.jpg,5
test_254.jpg,0
test_255.jpg,9
test_256.jpg,2
test_257.jpg,9
test_258.jpg,1
test_259.jpg,1
test_26.jpg,3
test_260.jpg,5
test_261.jpg,9
test_262.jpg,1
test_263.jpg,2
test_264.jpg,7
test_265.jpg,9
test_266.jpg,6
test_267.jpg,3
test_268.jpg,10
test_269.jpg,3
test_27.jpg,8
test_270.jpg,4
test_271.jpg,4
test_272.jpg,9
test_273.jpg,9
test_274.jpg,0
test_275.jpg,0
test_276.jpg,1
test_277.jpg,2
test_278.jpg,8
test_279.jpg,2
test_28.jpg,0
test_280.jpg,8
test_281.jpg,5
test_282.jpg,5
test_283.jpg,5
test_284.jpg,9
test_285.jpg,5
test_286.jpg,8
test_287.jpg,4
test_288.jpg,9
test_289.jpg,2
test_29.jpg,2
test_290.jpg,0
test_291.jpg,1
test_292.jpg,1
test_293.jpg,10
test_294.jpg,3
test_295.jpg,3
test_296.jpg,1
test_297.jpg,7
test_298.jpg,1
test_299.jpg,10
test_3.jpg,6
test_30.jpg,9
test_300.jpg,2
test_301.jpg,0
test_302.jpg,0
test_303.jpg,3
test_304.jpg,5
test_305.jpg,10
test_306.jpg,1
test_307.jpg,6
test_308.jpg,5
test_309.jpg,7
test_31.jpg,3
test_310.jpg,8
test_311.jpg,2
test_312.jpg,1
test_313.jpg,6
test_314.jpg,4
test_315.jpg,8
test_316.jpg,0
test_317.jpg,8
test_318.jpg,9
test_319.jpg,5
test_32.jpg,0
test_320.jpg,8
test_321.jpg,5
test_322.jpg,9
test_323.jpg,0
test_324.jpg,10
test_325.jpg,10
test_326.jpg,0
test_327.jpg,8
test_328.jpg,5
test_329.jpg,0
test_33.jpg,7
test_330.jpg,5
test_331.jpg,7
test_332.jpg,7
test_333.jpg,1
test_334.jpg,9
test_335.jpg,1
test_336.jpg,3
test_337.jpg,3
test_338.jpg,8
test_339.jpg,0
test_34.jpg,2
test_340.jpg,6
test_341.jpg,2
test_342.jpg,0
test_343.jpg,10
test_344.jpg,3
test_345.jpg,10
test_346.jpg,6
test_347.jpg,7
test_348.jpg,6
test_349.jpg,5
test_35.jpg,3
test_350.jpg,8
test_351.jpg,8
test_352.jpg,9
test_353.jpg,5
test_354.jpg,4
test_355.jpg,3
test_356.jpg,8
test_357.jpg,4
test_358.jpg,10
test_359.jpg,1
test_36.jpg,5
test_360.jpg,4
test_361.jpg,0
test_362.jpg,1
test_363.jpg,2
test_364.jpg,10
test_365.jpg,8
test_366.jpg,9
test_367.jpg,3
test_368.jpg,9
test_369.jpg,1
test_37.jpg,4
test_370.jpg,0
test_371.jpg,2
test_372.jpg,3
test_373.jpg,4
test_374.jpg,2
test_375.jpg,5
test_376.jpg,1
test_377.jpg,3
test_378.jpg,2
test_379.jpg,9
test_38.jpg,6
test_380.jpg,10
test_381.jpg,3
test_382.jpg,2
test_383.jpg,8
test_384.jpg,9
test_385.jpg,0
test_386.jpg,3
test_387.jpg,9
test_388.jpg,10
test_389.jpg,7
test_39.jpg,1
test_390.jpg,7
test_391.jpg,9
test_392.jpg,2
test_393.jpg,10
test_394.jpg,1
test_395.jpg,0
test_396.jpg,2
test_397.jpg,8
test_398.jpg,2
test_399.jpg,1
test_4.jpg,9
test_40.jpg,7
test_400.jpg,8
test_401.jpg,0
test_402.jpg,9
test_403.jpg,5
test_404.jpg,2
test_405.jpg,1
test_406.jpg,8
test_407.jpg,7
test_408.jpg,4
test_409.jpg,3
test_41.jpg,7
test_410.jpg,1
test_411.jpg,7
test_412.jpg,2
test_413.jpg,0
test_414.jpg,2
test_415.jpg,2
test_416.jpg,8
test_417.jpg,3
test_418.jpg,5
test_419.jpg,7
test_42.jpg,8
test_420.jpg,3
test_421.jpg,1
test_422.jpg,5
test_423.jpg,4
test_424.jpg,9
test_425.jpg,2
test_426.jpg,9
test_427.jpg,3
test_428.jpg,10
test_429.jpg,6
test_43.jpg,10
test_430.jpg,1
test_431.jpg,2
test_432.jpg,9
test_433.jpg,9
test_434.jpg,9
test_435.jpg,10
test_436.jpg,2
test_437.jpg,3
test_438.jpg,4
test_439.jpg,1
test_44.jpg,8
test_440.jpg,1
test_441.jpg,1
test_442.jpg,1
test_443.jpg,0
test_444.jpg,5
test_445.jpg,3
test_446.jpg,5
test_447.jpg,7
test_448.jpg,2
test_449.jpg,5
test_45.jpg,9
test_450.jpg,2
test_451.jpg,0
test_452.jpg,9
test_453.jpg,1
test_454.jpg,0
test_455.jpg,7
test_456.jpg,2
test_457.jpg,3
test_458.jpg,7
test_459.jpg,1
test_46.jpg,2
test_460.jpg,8
test_461.jpg,5
test_462.jpg,0
test_463.jpg,5
test_464.jpg,10
test_465.jpg,6
test_466.jpg,9
test_467.jpg,8
test_468.jpg,9
test_469.jpg,0
test_47.jpg,1
test_470.jpg,0
test_471.jpg,5
test_472.jpg,7
test_473.jpg,4
test_474.jpg,6
test_475.jpg,7
test_476.jpg,3
test_477.jpg,7
test_478.jpg,0
test_479.jpg,10
test_48.jpg,9
test_480.jpg,0
test_481.jpg,4
test_482.jpg,4
test_483.jpg,7
test_484.jpg,8
test_485.jpg,0
test_486.jpg,10
test_487.jpg,0
test_488.jpg,2
test_489.jpg,8
test_49.jpg,0
test_490.jpg,4
test_491.jpg,8
test_492.jpg,10
test_493.jpg,1
test_494.jpg,8
test_495.jpg,8
test_496.jpg,10
test_497.jpg,5
test_498.jpg,3
test_499.jpg,4
test_5.jpg,7
test_50.jpg,2
test_500.jpg,5
test_501.jpg,3
test_502.jpg,10
test_503.jpg,6
test_504.jpg,1
test_505.jpg,8
test_506.jpg,4
test_507.jpg,8
test_508.jpg,9
test_509.jpg,4
test_51.jpg,6
test_510.jpg,3
test_511.jpg,1
test_512.jpg,5
test_513.jpg,7
test_514.jpg,3
test_515.jpg,8
test_516.jpg,0
test_517.jpg,9
test_518.jpg,8
test_519.jpg,0
test_52.jpg,5
test_520.jpg,6
test_521.jpg,6
test_522.jpg,1
test_523.jpg,4
test_524.jpg,6
test_525.jpg,6
test_526.jpg,0
test_527.jpg,8
test_528.jpg,2
test_529.jpg,1
test_53.jpg,0
test_530.jpg,10
test_531.jpg,9
test_532.jpg,2
test_533.jpg,0
test_534.jpg,10
test_535.jpg,8
test_536.jpg,1
test_537.jpg,9
test_538.jpg,3
test_539.jpg,6
test_54.jpg,2
test_540.jpg,8
test_541.jpg,0
test_542.jpg,3
test_543.jpg,9
test_544.jpg,0
test_545.jpg,1
test_546.jpg,0
test_547.jpg,0
test_548.jpg,2
test_549.jpg,4
test_55.jpg,2
test_550.jpg,6
test_551.jpg,7
test_552.jpg,9
test_553.jpg,1
test_554.jpg,10
test_555.jpg,9
test_556.jpg,9
test_557.jpg,4
test_558.jpg,10
test_559.jpg,8
test_56.jpg,1
test_560.jpg,8
test_561.jpg,4
test_562.jpg,1
test_563.jpg,0
test_564.jpg,3
test_565.jpg,0
test_566.jpg,8
test_567.jpg,8
test_568.jpg,0
test_569.jpg,2
test_57.jpg,1
test_570.jpg,6
test_571.jpg,8
test_572.jpg,2
test_573.jpg,7
test_574.jpg,4
test_575.jpg,4
test_576.jpg,5
test_577.jpg,2
test_578.jpg,0
test_579.jpg,4
test_58.jpg,4
test_580.jpg,2
test_581.jpg,5
test_582.jpg,9
test_583.jpg,4
test_584.jpg,8
test_585.jpg,2
test_586.jpg,10
test_587.jpg,8
test_588.jpg,2
test_589.jpg,9
test_59.jpg,2
test_590.jpg,8
test_591.jpg,3
test_592.jpg,5
test_593.jpg,8
test_594.jpg,7
test_595.jpg,5
test_596.jpg,6
test_597.jpg,1
test_598.jpg,3
test_599.jpg,3
test_6.jpg,8
test_60.jpg,3
test_600.jpg,1
test_601.jpg,4
test_602.jpg,5
test_603.jpg,5
test_604.jpg,6
test_605.jpg,4
test_606.jpg,2
test_607.jpg,2
test_608.jpg,10
test_609.jpg,6
test_61.jpg,4
test_610.jpg,3
test_611.jpg,6
test_612.jpg,4
test_613.jpg,5
test_614.jpg,9
test_615.jpg,10
test_616.jpg,2
test_617.jpg,4
test_618.jpg,0
test_619.jpg,9
test_62.jpg,6
test_620.jpg,7
test_621.jpg,4
test_622.jpg,10
test_623.jpg,4
test_624.jpg,6
test_625.jpg,0
test_626.jpg,10
test_627.jpg,5
test_628.jpg,0
test_629.jpg,4
test_63.jpg,9
test_630.jpg,4
test_631.jpg,10
test_632.jpg,6
test_633.jpg,10
test_634.jpg,9
test_635.jpg,2
test_636.jpg,2
test_637.jpg,3
test_638.jpg,5
test_639.jpg,6
test_64.jpg,4
test_640.jpg,0
test_641.jpg,5
test_642.jpg,2
test_643.jpg,3
test_644.jpg,7
test_645.jpg,0
test_646.jpg,0
test_647.jpg,0
test_648.jpg,3
test_649.jpg,7
test_65.jpg,8
test_650.jpg,9
test_651.jpg,0
test_652.jpg,5
test_653.jpg,3
test_654.jpg,8
test_655.jpg,4
test_656.jpg,2
test_657.jpg,10
test_658.jpg,7
test_659.jpg,2
test_66.jpg,8
test_660.jpg,1
test_661.jpg,4
test_662.jpg,9
test_663.jpg,7
test_664.jpg,0
test_665.jpg,5
test_666.jpg,2
test_667.jpg,2
test_668.jpg,6
test_669.jpg,1
test_67.jpg,9
test_670.jpg,2
test_671.jpg,2
test_672.jpg,1
test_673.jpg,1
test_674.jpg,0
test_675.jpg,6
test_676.jpg,4
test_677.jpg,8
test_678.jpg,3
test_679.jpg,9
test_68.jpg,7
test_680.jpg,8
test_681.jpg,4
test_682.jpg,2
test_683.jpg,8
test_684.jpg,2
test_685.jpg,7
test_686.jpg,3
test_687.jpg,8
test_688.jpg,10
test_689.jpg,5
test_69.jpg,0
test_690.jpg,0
test_691.jpg,1
test_692.jpg,10
test_693.jpg,4
test_694.jpg,9
test_695.jpg,8
test_696.jpg,1
test_697.jpg,9
test_698.jpg,3
test_699.jpg,5
test_7.jpg,5
test_70.jpg,5
test_700.jpg,9
test_701.jpg,1
test_702.jpg,9
test_703.jpg,8
test_704.jpg,3
test_705.jpg,7
test_706.jpg,7
test_707.jpg,10
test_708.jpg,2
test_709.jpg,0
test_71.jpg,7
test_710.jpg,2
test_711.jpg,2
test_712.jpg,1
test_713.jpg,0
test_714.jpg,4
test_715.jpg,1
test_716.jpg,8
test_717.jpg,2
test_718.jpg,8
test_719.jpg,0
test_72.jpg,8
test_720.jpg,0
test_721.jpg,10
test_722.jpg,0
test_723.jpg,6
test_724.jpg,3
test_725.jpg,3
test_726.jpg,2
test_727.jpg,0
test_728.jpg,6
test_729.jpg,1
test_73.jpg,8
test_730.jpg,10
test_731.jpg,9
test_732.jpg,6
test_733.jpg,8
test_734.jpg,10
test_735.jpg,8
test_736.jpg,7
test_737.jpg,6
test_738.jpg,4
test_739.jpg,0
test_74.jpg,9
test_740.jpg,9
test_741.jpg,4
test_742.jpg,9
test_743.jpg,1
test_744.jpg,6
test_745.jpg,6
test_746.jpg,8
test_747.jpg,2
test_748.jpg,9
test_749.jpg,8
test_75.jpg,3
test_750.jpg,9
test_751.jpg,0
test_752.jpg,0
test_753.jpg,0
test_754.jpg,3
test_755.jpg,8
test_756.jpg,5
test_757.jpg,9
test_758.jpg,5
test_759.jpg,4
test_76.jpg,5
test_760.jpg,8
test_761.jpg,4
test_762.jpg,6
test_763.jpg,4
test_764.jpg,6
test_765.jpg,7
test_766.jpg,1
test_767.jpg,2
test_768.jpg,5
test_769.jpg,8
test_77.jpg,8
test_770.jpg,7
test_771.jpg,8
test_772.jpg,7
test_773.jpg,6
test_774.jpg,6
test_775.jpg,10
test_776.jpg,6
test_777.jpg,9
test_778.jpg,2
test_779.jpg,0
test_78.jpg,5
test_780.jpg,7
test_781.jpg,1
test_782.jpg,2
test_783.jpg,0
test_784.jpg,9
test_785.jpg,6
test_786.jpg,8
test_787.jpg,9
test_788.jpg,2
test_789.jpg,1
test_79.jpg,9
test_790.jpg,1
test_791.jpg,1
test_792.jpg,9
test_793.jpg,0
test_794.jpg,3
test_795.jpg,8
test_796.jpg,2
test_797.jpg,2
test_798.jpg,10
test_799.jpg,6
test_8.jpg,10
test_80.jpg,6
test_800.jpg,3
test_801.jpg,2
test_802.jpg,0
test_803.jpg,8
test_804.jpg,4
test_805.jpg,5
test_806.jpg,7
test_807.jpg,9
test_808.jpg,8
test_809.jpg,1
test_81.jpg,5
test_810.jpg,6
test_811.jpg,6
test_812.jpg,8
test_813.jpg,8
test_814.jpg,1
test_815.jpg,9
test_816.jpg,9
test_817.jpg,0
test_818.jpg,3
test_819.jpg,5
test_82.jpg,8
test_820.jpg,1
test_821.jpg,7
test_822.jpg,8
test_823.jpg,7
test_824.jpg,2
test_825.jpg,2
test_826.jpg,8
test_827.jpg,2
test_828.jpg,5
test_829.jpg,8
test_83.jpg,2
test_830.jpg,5
test_831.jpg,8
test_832.jpg,1
test_833.jpg,6
test_834.jpg,6
test_835.jpg,0
test_836.jpg,4
test_837.jpg,8
test_838.jpg,2
test_839.jpg,5
test_84.jpg,2
test_840.jpg,10
test_841.jpg,9
test_842.jpg,6
test_843.jpg,2
test_844.jpg,8
test_845.jpg,9
test_846.jpg,10
test_847.jpg,9
test_848.jpg,0
test_849.jpg,7
test_85.jpg,6
test_850.jpg,6
test_851.jpg,9
test_852.jpg,1
test_853.jpg,9
test_854.jpg,10
test_855.jpg,0
test_856.jpg,1
test_857.jpg,4
test_858.jpg,7
test_859.jpg,8
test_86.jpg,6
test_860.jpg,1
test_861.jpg,7
test_862.jpg,0
test_863.jpg,9
test_864.jpg,7
test_865.jpg,10
test_866.jpg,6
test_867.jpg,1
test_868.jpg,4
test_869.jpg,6
test_87.jpg,0
test_870.jpg,5
test_871.jpg,1
test_872.jpg,0
test_873.jpg,0
test_874.jpg,6
test_875.jpg,2
test_876.jpg,4
test_877.jpg,0
test_878.jpg,9
test_879.jpg,4
test_88.jpg,10
test_880.jpg,1
test_881.jpg,7
test_882.jpg,5
test_883.jpg,5
test_884.jpg,5
test_885.jpg,0
test_886.jpg,2
test_887.jpg,6
test_888.jpg,4
test_889.jpg,10
test_89.jpg,9
test_890.jpg,4
test_891.jpg,3
test_892.jpg,5
test_893.jpg,2
test_894.jpg,7
test_895.jpg,3
test_896.jpg,4
test_897.jpg,9
test_898.jpg,2
test_899.jpg,9
test_9.jpg,8
test_90.jpg,7
test_900.jpg,10
test_901.jpg,8
test_902.jpg,8
test_903.jpg,8
test_904.jpg,8
test_905.jpg,0
test_906.jpg,0
test_907.jpg,9
test_908.jpg,7
test_909.jpg,3
test_91.jpg,1
test_910.jpg,4
test_911.jpg,2
test_912.jpg,4
test_913.jpg,4
test_914.jpg,4
test_915.jpg,0
test_916.jpg,10
test_917.jpg,0
test_918.jpg,3
test_919.jpg,9
test_92.jpg,3
test_920.jpg,5
test_921.jpg,5
test_922.jpg,3
test_923.jpg,2
test_924.jpg,1
test_925.jpg,0
test_926.jpg,2
test_927.jpg,9
test_928.jpg,6
test_929.jpg,8
test_93.jpg,0
test_930.jpg,0
test_931.jpg,3
test_932.jpg,8
test_933.jpg,0
test_934.jpg,4
test_935.jpg,1
test_936.jpg,10
test_937.jpg,1
test_938.jpg,4
test_939.jpg,8
test_94.jpg,9
test_940.jpg,8
test_941.jpg,4
test_942.jpg,10
test_943.jpg,10
test_944.jpg,8
test_945.jpg,10
test_946.jpg,3
test_947.jpg,6
test_948.jpg,3
test_949.jpg,4
test_95.jpg,1
test_950.jpg,1
test_951.jpg,6
test_952.jpg,9
test_953.jpg,3
test_954.jpg,5
test_955.jpg,2
test_956.jpg,2
test_957.jpg,10
test_958.jpg,3
test_959.jpg,1
test_96.jpg,0
test_960.jpg,9
test_961.jpg,0
test_962.jpg,4
test_963.jpg,0
test_964.jpg,5
test_965.jpg,5
test_966.jpg,7
test_967.jpg,3
test_968.jpg,7
test_969.jpg,1
test_97.jpg,6
test_970.jpg,9
test_971.jpg,5
test_972.jpg,5
test_973.jpg,7
test_974.jpg,2
test_975.jpg,8
test_976.jpg,6
test_977.jpg,5
test_978.jpg,2
test_979.jpg,8
test_98.jpg,2
test_980.jpg,8
test_981.jpg,5
test_982.jpg,3
test_983.jpg,1
test_984.jpg,0
test_985.jpg,6
test_986.jpg,8
test_987.jpg,7
test_988.jpg,5
test_989.jpg,6
test_99.jpg,8
test_990.jpg,10
test_991.jpg,9
test_992.jpg,3
test_993.jpg,2
test_994.jpg,9
test_995.jpg,8
test_996.jpg,3
test_997.jpg,7
test_998.jpg,10
test_999.jpg,4
test_1297.jpg,8
